{"cameraMode":{"drawMode":0,"name":"Shaded","section":"Shading Mode"},"sceneLighting":false,"audioPlay":false,"sceneViewState":{"showFog":true,"showMaterialUpdate":true,"showSkybox":false,"showFlares":true,"showImageEffects":true,"showParticleSystems":true},"in2DMode":false,"pivot":{"x":-19.677209854125978,"y":2.651775360107422,"z":-49.18818664550781},"rotation":{"x":-0.10954061150550842,"y":0.549176812171936,"z":-0.07100339978933335,"w":-0.8263606429100037},"size":7.529119491577148,"orthographic":false}