{"cameraMode":{"drawMode":0,"name":"Shaded","section":"Shading Mode"},"sceneLighting":true,"audioPlay":false,"sceneViewState":{"showFog":true,"showMaterialUpdate":true,"showSkybox":true,"showFlares":true,"showImageEffects":true,"showParticleSystems":true},"in2DMode":false,"pivot":{"x":11.887495040893555,"y":26.50342559814453,"z":-37.462646484375},"rotation":{"x":-0.36546164751052859,"y":-0.03462276980280876,"z":0.013601480983197689,"w":-0.9300906658172607},"size":47.06846618652344,"orthographic":false}