{"cameraMode":{"drawMode":0,"name":"Shaded","section":"Shading Mode"},"sceneLighting":true,"audioPlay":false,"sceneViewState":{"showFog":true,"showMaterialUpdate":true,"showSkybox":true,"showFlares":true,"showImageEffects":true,"showParticleSystems":true},"in2DMode":false,"pivot":{"x":21.566476821899415,"y":19.15194320678711,"z":-43.938018798828128},"rotation":{"x":-0.21172839403152467,"y":-0.7879642248153687,"z":0.42109933495521548,"w":-0.3961917757987976},"size":38.73388671875,"orthographic":false}