{"cameraMode":{"drawMode":0,"name":"Shaded","section":"Shading Mode"},"sceneLighting":false,"audioPlay":false,"sceneViewState":{"showFog":true,"showMaterialUpdate":false,"showSkybox":false,"showFlares":true,"showImageEffects":true,"showParticleSystems":true},"in2DMode":false,"pivot":{"x":1.3294923305511475,"y":2.957267999649048,"z":-3.0499675273895265},"rotation":{"x":-0.4673605263233185,"y":-0.15215295553207398,"z":0.08202321827411652,"w":-0.8670116066932678},"size":8.28217887878418,"orthographic":false}