{"cameraMode":{"drawMode":0,"name":"Shaded","section":"Shading Mode"},"sceneLighting":false,"audioPlay":false,"sceneViewState":{"showFog":true,"showMaterialUpdate":false,"showSkybox":false,"showFlares":true,"showImageEffects":true,"showParticleSystems":true},"in2DMode":false,"pivot":{"x":1.613834261894226,"y":9.12738037109375,"z":-13.587628364562989},"rotation":{"x":-0.03369637951254845,"y":0.10714009404182434,"z":-0.0036317817866802217,"w":-0.9936684966087341},"size":3.980173349380493,"orthographic":false}