{"cameraMode":{"drawMode":0,"name":"Shaded","section":"Shading Mode"},"sceneLighting":false,"audioPlay":false,"sceneViewState":{"showFog":true,"showMaterialUpdate":false,"showSkybox":false,"showFlares":true,"showImageEffects":true,"showParticleSystems":true},"in2DMode":false,"pivot":{"x":-17.66554069519043,"y":-25.271867752075197,"z":34.44021224975586},"rotation":{"x":0.2914787828922272,"y":-0.2234199494123459,"z":0.07021493464708328,"w":0.9274680018424988},"size":56.279117584228519,"orthographic":false}