{"cameraMode":{"drawMode":0,"name":"Shaded","section":"Shading Mode"},"sceneLighting":false,"audioPlay":false,"sceneViewState":{"showFog":true,"showMaterialUpdate":false,"showSkybox":false,"showFlares":true,"showImageEffects":true,"showParticleSystems":true},"in2DMode":false,"pivot":{"x":-2.209218740463257,"y":0.6365200281143189,"z":4.4338178634643559},"rotation":{"x":-0.1792931854724884,"y":-0.6714038848876953,"z":0.1724391132593155,"w":-0.6981006264686585},"size":3.7858328819274904,"orthographic":false}