{"cameraMode":{"drawMode":0,"name":"Shaded","section":"Shading Mode"},"sceneLighting":false,"audioPlay":false,"sceneViewState":{"showFog":true,"showMaterialUpdate":false,"showSkybox":false,"showFlares":true,"showImageEffects":true,"showParticleSystems":true},"in2DMode":false,"pivot":{"x":1.5788002014160157,"y":3.5248966217041017,"z":-0.8683900833129883},"rotation":{"x":-0.03160232678055763,"y":-0.9578754901885986,"z":-0.1160852238535881,"w":0.2607697546482086},"size":8.90231990814209,"orthographic":false}