{"cameraMode":{"drawMode":0,"name":"Shaded","section":"Shading Mode"},"sceneLighting":true,"audioPlay":false,"sceneViewState":{"showFog":true,"showMaterialUpdate":false,"showSkybox":true,"showFlares":true,"showImageEffects":true,"showParticleSystems":true},"in2DMode":false,"pivot":{"x":21.40839385986328,"y":27.313007354736329,"z":-37.14227294921875},"rotation":{"x":0.01372650358825922,"y":-0.8956711292266846,"z":0.44364500045776369,"w":0.02770921401679516},"size":51.39530944824219,"orthographic":false}