{"cameraMode":{"drawMode":0,"name":"Shaded","section":"Shading Mode"},"sceneLighting":false,"audioPlay":false,"sceneViewState":{"showFog":true,"showMaterialUpdate":false,"showSkybox":false,"showFlares":true,"showImageEffects":true,"showParticleSystems":true},"in2DMode":false,"pivot":{"x":0.06227843835949898,"y":0.39048707485198977,"z":-1.5591920614242554},"rotation":{"x":-0.1841842532157898,"y":0.04006635770201683,"z":-0.007510717026889324,"w":-0.9820528030395508},"size":1.636897325515747,"orthographic":false}