{"cameraMode":{"drawMode":0,"name":"Shaded","section":"Shading Mode"},"sceneLighting":false,"audioPlay":false,"sceneViewState":{"showFog":true,"showMaterialUpdate":false,"showSkybox":false,"showFlares":true,"showImageEffects":true,"showParticleSystems":true},"in2DMode":false,"pivot":{"x":-19.90685272216797,"y":3.462799072265625,"z":-49.20342254638672},"rotation":{"x":0.5089859962463379,"y":-0.3072575032711029,"z":0.20089669525623322,"w":0.7785748839378357},"size":5.390580177307129,"orthographic":false}