{"cameraMode":{"drawMode":0,"name":"Shaded","section":"Shading Mode"},"sceneLighting":false,"audioPlay":false,"sceneViewState":{"showFog":true,"showMaterialUpdate":false,"showSkybox":false,"showFlares":true,"showImageEffects":true,"showParticleSystems":true},"in2DMode":false,"pivot":{"x":3.869187831878662,"y":4.8239593505859379,"z":-1.7702958583831788},"rotation":{"x":-0.23824624717235566,"y":-0.5303235650062561,"z":-0.15831421315670014,"w":0.7980807423591614},"size":5.385890960693359,"orthographic":false}