{"cameraMode":{"drawMode":0,"name":"Shaded","section":"Shading Mode"},"sceneLighting":false,"audioPlay":false,"sceneViewState":{"showFog":true,"showMaterialUpdate":false,"showSkybox":false,"showFlares":true,"showImageEffects":true,"showParticleSystems":true},"in2DMode":false,"pivot":{"x":-2.813999891281128,"y":0.6819999814033508,"z":4.4338178634643559},"rotation":{"x":-0.2681376338005066,"y":-0.6399977803230286,"z":0.25480812788009646,"w":-0.6734883189201355},"size":3.2857885360717775,"orthographic":false}