{"cameraMode":{"drawMode":0,"name":"Shaded","section":"Shading Mode"},"sceneLighting":true,"audioPlay":false,"sceneViewState":{"showFog":true,"showMaterialUpdate":false,"showSkybox":true,"showFlares":true,"showImageEffects":true,"showParticleSystems":true},"in2DMode":false,"pivot":{"x":6.672175407409668,"y":27.919939041137697,"z":-70.64051055908203},"rotation":{"x":0.015326947905123234,"y":0.26525241136550906,"z":-0.004219898022711277,"w":0.9640496373176575},"size":16.507600784301759,"orthographic":false}